Email,name
zunigavanessa@smith.info,Sheryl Baxter
vmata@colon.com,Preston Lozano
beckycarr@hogan.com,Roy Berry
stanleyblackwell@benson.org,Linda Olsen
colinalvarado@miles.net,Joanna Bender
louis27@gilbert.com,Aimee Downs
tgates@cantrell.com,Darren Peck
asnow@colon.com,Brett Mullen
mariokhan@ryan-pope.org,Sheryl Meyers
mdyer@escobar.net,Michelle Gallagher
kirksalas@webb.com,Carl Schroeder
mark42@robbins.com,Jenna Dodson
alex56@walls.org,Tracey Mata
holdenmiranda@clarke.com,Kristine Cox
cassieparrish@blevins-chapman.net,Faith Lutz
vduncan@parks-hardy.com,Miranda Beasley
holtgwendolyn@watson-davenport.com,Caroline Foley
jaredjuarez@carroll.org,Greg Mata
joseph26@jacobson.com,Clifford Jacobson
tuckerangie@salazar.net,Joanna Kirk
fgibson@drake-webb.com,Maxwell Frye
blanchardbob@wallace-shannon.com,Kiara Houston
rsingleton@ryan-cherry.com,Colleen Howard
stefanie71@spence.com,Janet Valenzuela
mariah88@santos.com,Shane Wilcox
donnamullins@norris-barrett.org,Marcus Moody
stacey67@fields.org,Dakota Poole
jacobkhan@bright.biz,Frederick Harper
wterrell@clark.com,Stefanie Fitzpatrick
qjimenez@boyd.com,Kent Bradshaw
gfigueroa@boone-zavala.com,Jack Tate
tapiagreg@beard.info,Tom Trujillo
coleolson@jennings.net,Gabriel Mejia
georgeross@miles.org,Kaitlyn Santana
willistonya@randolph-baker.com,Faith Moon
harrisisaiah@jenkins.com,Tammie Haley
fwolfe@dorsey.com,Nicholas Sosa
tiffanydavies@harris-mcfarland.org,Jordan Gay
preese@frye-vega.com,Bruce Esparza
ann48@miller.com,Sherry Garza
tcummings@fitzpatrick-ashley.com,Natalie Gentry
woodwardandres@phelps.com,Bryan Dunn
barbarapittman@holder.com,Wayne Simpson
bstuart@williamson-mcclure.com,Luis Greer
zkrueger@wolf-chavez.net,Rhonda Frost
juan80@henson.net,Joanne Montes
bauercrystal@gay.com,Geoffrey Guzman
bartlettjenna@zuniga-moss.biz,Gloria Mccall
mccalltyrone@durham-rose.biz,Brady Cohen
bobhammond@barry.biz,Latoya Mccann
uwarner@steele-arias.com,Gerald Hawkins
xpittman@ritter-carney.net,Samuel Crawford
vaughanchristy@lara.biz,Patricia Goodwin
clinton85@colon-arias.org,Stacie Richard
greenemiranda@zimmerman.com,Robin West
goodmancesar@figueroa.biz,Ralph Haas
yhanson@warner-diaz.org,Phyllis Maldonado
howelldarren@house-cohen.com,Danny Parrish
ncamacho@boone-simmons.org,Kathy Hill
kristopher62@oliver.com,Kelli Hardy
mpham@rios-guzman.com,Lynn Pham
zachary96@mitchell-bryant.org,Shelley Harris
kristiwhitney@bernard.com,Eddie Jimenez
leah85@sutton-terrell.com,Chloe Hutchinson
levigiles@vincent.com,Eileen Lynch
fisherlinda@schaefer.net,Fernando Lambert
scottcurtis@hurley.biz,Makayla Cannon
nicholsonnina@montgomery.info,Tom Alvarado
zvalencia@phelps.com,Virginia Dudley
alex06@galloway.com,Riley Good
lee48@manning.com,Alexandria Buck
aharper@maddox-townsend.org,Richard Roth
buckleycory@odonnell.net,Candice Keller
angie04@oconnell.com,Anita Benson
zrosario@rojas-hardin.net,Regina Stein
shieldskerry@robles.com,Debra Riddle
mchandler@cochran-huerta.org,Brittany Zuniga
katrinalane@fitzgerald.com,Cassidy Mcmahon
cookejill@powell.com,Laurie Pennington
elizabethbarr@ewing.com,Alejandro Blair
corey75@wiggins.com,Leslie Jennings
chloelester@higgins-wilkinson.com,Kathleen Mckay
isaac26@benton-finley.com,Hunter Moreno
justinwalters@jimenez.com,Chad Davidson
maurice46@morgan.com,Corey Holt
walter83@juarez.org,Emma Cunningham
kmercer@wagner.com,Duane Woods
vcantu@norton.com,Alison Vargas
hilljesse@barrett.info,Vernon Kane
tyrone77@valenzuela.info,Lori Flowers
elliserica@frank.com,Nina Chavez
nsteele@sparks.com,Shane Foley
dudleyemily@gonzales.biz,Collin Ayers
alan79@gates-mclaughlin.com,Sherry Young
grayjean@lowery-good.com,Darrell Douglas
hhart@jensen.com,Karl Greer
vkemp@ferrell.com,Lynn Atkinson
swagner@kane.org,Fred Guerra
mccarthystephen@horn-green.biz,Yvonne Farmer
colleen91@faulkner.biz,Clarence Haynes
